ncsClCd,KECO,name
01010101,210.0,정부·공공행정 전문가
01010101,254.0,국가·지방행정 사무원
01010101,255.0,공공행정 사무원
01010102,261.0,기획·마케팅 사무원
01010103,263.0,총무 사무원 및 대학 행정조교
01010201,261.0,기획·마케팅 사무원
01010202,2314.0,직업상담사
02010101,210.0,정부·공공행정 전문가
02010101,221.0,경영·진단 전문가
02010101,254.0,국가·지방행정 사무원
02010101,255.0,공공행정 사무원
02010101,261.0,기획·마케팅 사무원
02010102,221.0,경영·진단 전문가
02010102,261.0,기획·마케팅 사무원
02010201,241.0,광고·홍보 전문가
02010201,261.0,기획·마케팅 사무원
02010202,241.0,광고·홍보 전문가
02010202,261.0,기획·마케팅 사무원
02010301,221.0,경영·진단 전문가
02010301,241.0,광고·홍보 전문가
02010301,261.0,기획·마케팅 사무원
02010302,243.0,상품 기획자
02010302,261.0,기획·마케팅 사무원
02010302,292.0,고객 상담원 및 모니터 요원
02010303,242.0,조사 전문가
02010303,293.0,통계 사무원
02010304,261.0,기획·마케팅 사무원
02010304,283.0,자재·구매·물류 사무원
02020101,210.0,정부·공공행정 전문가
02020101,254.0,국가·지방행정 사무원
02020101,255.0,공공행정 사무원
02020101,263.0,총무 사무원 및 대학 행정조교
02020102,263.0,총무 사무원 및 대학 행정조교
02020103,263.0,총무 사무원 및 대학 행정조교
02020201,222.0,인사·노무 전문가
02020201,262.0,인사·교육·훈련 사무원
02020202,222.0,인사·노무 전문가
02020202,262.0,인사·교육·훈련 사무원
02020301,294.0,비서
02020302,210.0,정부·공공행정 전문가
02020302,254.0,국가·지방행정 사무원
02020302,255.0,공공행정 사무원
02020302,263.0,총무 사무원 및 대학 행정조교
02020302,295.0,전산자료 입력원 및 사무 보조원
02030101,263.0,총무 사무원 및 대학 행정조교
02030101,271.0,회계 사무원
02030101,272.0,경리 사무원
02030102,263.0,총무 사무원 및 대학 행정조교
02030102,271.0,회계 사무원
02030102,272.0,경리 사무원
02030201,231.0,회계사
02030201,232.0,세무사
02030201,264.0,감사 사무원
02030201,271.0,회계 사무원
02030202,231.0,회계사
02030202,232.0,세무사
02030202,233.0,관세사
02030202,251.0,조세행정 사무원
02030202,252.0,관세행정 사무원
02030202,271.0,회계 사무원
02040101,263.0,총무 사무원 및 대학 행정조교
02040101,283.0,자재·구매·물류 사무원
02040102,283.0,자재·구매·물류 사무원
02040103,284.0,생산·품질 사무원
02040104,283.0,자재·구매·물류 사무원
02040104,284.0,생산·품질 사무원
02040201,284.0,생산·품질 사무원
02040302,233.0,관세사
02040302,281.0,무역 사무원
02040303,281.0,무역 사무원
02040305,283.0,자재·구매·물류 사무원
02040306,283.0,자재·구매·물류 사무원
02040307,283.0,자재·구매·물류 사무원
03010101,324.0,출납창구 사무원
03010102,321.0,은행 사무원
03010102,322.0,증권 사무원
03010102,323.0,보험 심사원 및 사무원
03010103,321.0,은행 사무원
03010103,322.0,증권 사무원
03010104,321.0,은행 사무원
03010105,321.0,은행 사무원
03010105,331.0,대출 및 신용카드 모집인
03010201,313.0,보험·금융상품 개발자
03010202,313.0,보험·금융상품 개발자
03010203,313.0,보험·금융상품 개발자
03010204,313.0,보험·금융상품 개발자
03010301,311.0,투자·신용 분석가
03010301,321.0,은행 사무원
03010301,323.0,보험 심사원 및 사무원
03010302,311.0,투자·신용 분석가
03010303,321.0,은행 사무원
03010303,323.0,보험 심사원 및 사무원
03010401,312.0,자산 운용가
03010402,312.0,자산 운용가
03010402,314.0,증권·외환 딜러
03010403,312.0,자산 운용가
03010403,314.0,증권·외환 딜러
03010404,312.0,자산 운용가
03010405,312.0,자산 운용가
03010501,321.0,은행 사무원
03010501,322.0,증권 사무원
03010501,323.0,보험 심사원 및 사무원
03010502,325.0,수금원 및 신용 추심원
03010503,311.0,투자·신용 분석가
03010503,313.0,보험·금융상품 개발자
03010503,321.0,은행 사무원
03010503,322.0,증권 사무원
03010503,323.0,보험 심사원 및 사무원
03010601,314.0,증권·외환 딜러
03010601,322.0,증권 사무원
03010602,314.0,증권·외환 딜러
03010602,321.0,은행 사무원
03010603,321.0,은행 사무원
03010603,322.0,증권 사무원
03010604,322.0,증권 사무원
03010605,321.0,은행 사무원
03010606,321.0,은행 사무원
03020101,313.0,보험·금융상품 개발자
03020102,313.0,보험·금융상품 개발자
03020103,313.0,보험·금융상품 개발자
03020201,332.0,보험 모집인 및 투자 권유 대행인
03020202,323.0,보험 심사원 및 사무원
03020203,323.0,보험 심사원 및 사무원
03020204,323.0,보험 심사원 및 사무원
03020301,315.0,손해사정사
03020302,315.0,손해사정사
03020303,315.0,손해사정사
04010101,2130.0,유치원 교사
04010102,2122.0,초등학교 교사
04010103,2121.0,중·고등학교 교사
04010104,2123.0,특수교육 교사
04020101,2141.0,문리·어학 강사
04020101,2142.0,컴퓨터 강사
04020101,2143.0,기술·기능계 강사
04020101,2144.0,예능 강사
04020101,2145.0,학습지·교육교구 방문강사
04020201,262.0,인사·교육·훈련 사무원
04020201,2111.0,대학 교수
04020201,2112.0,대학 시간강사
04020201,2151.0,장학관·연구관 및 교육 전문가
04020202,262.0,인사·교육·훈련 사무원
04020202,2111.0,대학 교수
04020202,2112.0,대학 시간강사
04030101,222.0,인사·노무 전문가
04030101,2314.0,직업상담사
04030102,222.0,인사·노무 전문가
04030102,262.0,인사·교육·훈련 사무원
04030103,222.0,인사·노무 전문가
04030103,262.0,인사·교육·훈련 사무원
04030201,2151.0,장학관·연구관 및 교육 전문가
04030202,1333.0,웹 개발자
04030202,2151.0,장학관·연구관 및 교육 전문가
04030202,4155.0,미디어 콘텐츠 디자이너
04030203,262.0,인사·교육·훈련 사무원
05010101,2211.0,판사 및 검사
05010101,2212.0,변호사
05010101,2213.0,법무사 및 집행관
05010101,2220.0,법률 사무원
05010102,2212.0,변호사
05010102,2220.0,법률 사무원
05010103,254.0,국가·지방행정 사무원
05010201,2214.0,변리사
05010201,2220.0,법률 사무원
05010202,2214.0,변리사
05010202,2220.0,법률 사무원
05010203,2214.0,변리사
05010203,2220.0,법률 사무원
05010204,2214.0,변리사
05010204,2220.0,법률 사무원
05020101,1582.0,소방공학 기술자 및 연구원
05020102,1582.0,소방공학 기술자 및 연구원
05020102,7031.0,건설 배관공
05020102,8312.0,내선 전기공
05020103,2402.0,소방관
05020103,3071.0,응급구조사
05020104,1582.0,소방공학 기술자 및 연구원
05020104,1583.0,소방공학 시험원
05020105,1584.0,산업 안전원 및 위험 관리원
05020106,1584.0,산업 안전원 및 위험 관리원
05020107,2402.0,소방관
05020201,1403.0,토목공학 기술자
05020201,1581.0,방재 기술자 및 연구원
05020201,1584.0,산업 안전원 및 위험 관리원
05020202,1584.0,산업 안전원 및 위험 관리원
05020203,1581.0,방재 기술자 및 연구원
05020203,1584.0,산업 안전원 및 위험 관리원
05020203,2402.0,소방관
05020301,1581.0,방재 기술자 및 연구원
05020302,1581.0,방재 기술자 및 연구원
06010101,3067.0,재활공학 기사
06010101,8329.0,기타 전기·전자 기기 설치· 수리원
06010102,3065.0,물리 및 작업 치료사
06010103,3065.0,물리 및 작업 치료사
06010104,3062.0,방사선사
06010105,3061.0,임상병리사
06010106,3069.0,기타 치료·재활사 및 의료기사
06010107,3071.0,응급구조사
06010108,5501.0,요양 보호사 및 간병인
06010109,3067.0,재활공학 기사
06010110,3069.0,기타 치료·재활사 및 의료기사
06010111,3064.0,치과위생사
06010112,3063.0,치과기공사
06010113,3066.0,임상심리사
06010114,3074.0,의무기록사
06010201,263.0,총무 사무원 및 대학 행정조교
06010202,291.0,안내·접수원 및 전화교환원
06010203,3040.0,간호사
06010204,1555.0,보건위생·환경 검사원
06010204,3072.0,위생사
06010205,1555.0,보건위생·환경 검사원
06010205,3072.0,위생사
06010206,3050.0,영양사
06010301,3030.0,약사 및 한약사
06010302,3030.0,약사 및 한약사
06020101,3011.0,전문 의사
06020102,3013.0,한의사
06020103,3014.0,치과 의사
06020201,3040.0,간호사
06020201,3075.0,간호조무사
06020202,3040.0,간호사
06020202,3075.0,간호조무사
06020301,3011.0,전문 의사
06020302,1221.0,생명과학 연구원
06020303,1221.0,생명과학 연구원
06020401,3011.0,전문 의사
06020402,3061.0,임상병리사
06020403,3040.0,간호사
06020403,3061.0,임상병리사
06020403,3075.0,간호조무사
06020404,3069.0,기타 치료·재활사 및 의료기사
07010101,2311.0,사회복지사
07010102,2311.0,사회복지사
07010103,2311.0,사회복지사
07010201,2311.0,사회복지사
07010202,2311.0,사회복지사
07010202,2329.0,기타 사회복지 종사원
07010202,5501.0,요양 보호사 및 간병인
07010203,2311.0,사회복지사
07010204,2311.0,사회복지사
07020101,2314.0,직업상담사
07020102,2314.0,직업상담사
07020103,222.0,인사·노무 전문가
07020103,2314.0,직업상담사
07020201,2313.0,청소년 지도사
07020202,2313.0,청소년 지도사
07020203,2313.0,청소년 지도사
07020203,2314.0,직업상담사
07020301,2312.0,상담 전문가
07030101,2130.0,유치원 교사
07030101,2153.0,교사보조 및 보육보조 서비스 종사원
07030101,2321.0,보육교사
07030102,5502.0,육아 도우미
07030103,2130.0,유치원 교사
07030103,2153.0,교사보조 및 보육보조 서비스 종사원
07030103,2321.0,보육교사
08010101,261.0,기획·마케팅 사무원
08010101,4131.0,학예사 및 문화재 보존원
08010102,210.0,정부·공공행정 전문가
08010102,254.0,국가·지방행정 사무원
08010102,255.0,공공행정 사무원
08010102,261.0,기획·마케팅 사무원
08010102,4131.0,학예사 및 문화재 보존원
08010103,261.0,기획·마케팅 사무원
08010103,4131.0,학예사 및 문화재 보존원
08010104,4132.0,사서 및 기록물 관리사
08010201,4145.0,"지휘자, 작곡가 및 연주가"
08010201,4146.0,가수 및 성악가
08010202,4142.0,사진작가 및 사진사
08010301,4161.0,감독 및 기술감독
08010302,4167.0,조명·영사 기사
08010303,7029.0,기타 건축 마감 기능원
08010303,8312.0,내선 전기공
08010304,4165.0,음향·녹음 기사
08010305,4141.0,화가 및 조각가
08010305,4153.0,실내장식 디자이너
08010305,4161.0,감독 및 기술감독
08010306,4161.0,감독 및 기술감독
08010307,4161.0,감독 및 기술감독
08010308,4153.0,실내장식 디자이너
08010308,7016.0,건축 목공
08010309,4152.0,패션 디자이너
08010310,4166.0,영상·녹화·편집 기사
08010311,4169.0,기타 연극·영화·방송 종사원
08010401,4131.0,학예사 및 문화재 보존원
08010402,1401.0,건축가
08010402,7016.0,건축 목공
08010403,4131.0,학예사 및 문화재 보존원
08020101,4154.0,시각 디자이너
08020102,4151.0,제품 디자이너
08020103,1401.0,건축가
08020103,1404.0,조경 기술자
08020103,4153.0,실내장식 디자이너
08020103,4154.0,시각 디자이너
08020104,4155.0,미디어 콘텐츠 디자이너
08020105,4152.0,패션 디자이너
08020106,4154.0,시각 디자이너
08020107,4153.0,실내장식 디자이너
08020108,4154.0,시각 디자이너
08020109,244.0,행사 기획자
08020110,1591.0,제도사
08020111,4151.0,제품 디자이너
08020112,4155.0,미디어 콘텐츠 디자이너
08030101,4171.0,공연·영화 및 음반 기획자
08030201,4111.0,작가
08030201,4161.0,감독 및 기술감독
08030201,4164.0,촬영 기사
08030201,4166.0,영상·녹화·편집 기사
08030202,4111.0,작가
08030202,4161.0,감독 및 기술감독
08030203,4161.0,감독 및 기술감독
08030203,4165.0,음향·녹음 기사
08030204,241.0,광고·홍보 전문가
08030204,4154.0,시각 디자이너
08030204,4166.0,영상·녹화·편집 기사
08030205,1332.0,응용 소프트웨어 개발자
08030205,4111.0,작가
08030205,4155.0,미디어 콘텐츠 디자이너
08030205,4165.0,음향·녹음 기사
08030206,4111.0,작가
08030206,4143.0,만화가 및 만화영화 작가
08030206,4165.0,음향·녹음 기사
08030207,4111.0,작가
08030207,4143.0,만화가 및 만화영화 작가
08030208,4154.0,시각 디자이너
08030209,1332.0,응용 소프트웨어 개발자
08030209,1333.0,웹 개발자
08030209,4155.0,미디어 콘텐츠 디자이너
08030210,4167.0,조명·영사 기사
08030211,243.0,상품 기획자
08030211,4151.0,제품 디자이너
08030212,244.0,행사 기획자
08030212,4164.0,촬영 기사
08030212,4166.0,영상·녹화·편집 기사
08030301,261.0,기획·마케팅 사무원
08030301,4171.0,공연·영화 및 음반 기획자
08030302,261.0,기획·마케팅 사무원
08030302,4171.0,공연·영화 및 음반 기획자
08030303,261.0,기획·마케팅 사무원
08030303,4171.0,공연·영화 및 음반 기획자
08030304,261.0,기획·마케팅 사무원
08030304,4171.0,공연·영화 및 음반 기획자
08030305,261.0,기획·마케팅 사무원
08030305,4171.0,공연·영화 및 음반 기획자
08030306,261.0,기획·마케팅 사무원
08030306,4171.0,공연·영화 및 음반 기획자
08030307,261.0,기획·마케팅 사무원
08030307,4171.0,공연·영화 및 음반 기획자
08030308,261.0,기획·마케팅 사무원
08030308,4171.0,공연·영화 및 음반 기획자
08030309,261.0,기획·마케팅 사무원
08030309,4171.0,공연·영화 및 음반 기획자
08030401,4161.0,감독 및 기술감독
08030402,4161.0,감독 및 기술감독
08030402,4164.0,촬영 기사
08030402,4166.0,영상·녹화·편집 기사
08030403,4161.0,감독 및 기술감독
08030403,4167.0,조명·영사 기사
08030404,4161.0,감독 및 기술감독
08030404,4165.0,음향·녹음 기사
08030405,4155.0,미디어 콘텐츠 디자이너
08030405,4161.0,감독 및 기술감독
08030406,4161.0,감독 및 기술감독
08030406,4166.0,영상·녹화·편집 기사
08030407,4153.0,실내장식 디자이너
08030407,4161.0,감독 및 기술감독
09010101,282.0,운송 사무원
09010101,6221.0,택시 운전원
09010101,6222.0,버스 운전원
09010102,282.0,운송 사무원
09010102,6223.0,화물차·특수차 운전원
09010103,283.0,자재·구매·물류 사무원
09020101,6214.0,관제사
09020102,282.0,운송 사무원
09020103,6213.0,철도·전동차 기관사
09020104,6213.0,철도·전동차 기관사
09020201,7052.0,철로 설치·보수원
09020202,8111.0,공업기계 설치·정비원
09020203,7029.0,기타 건축 마감 기능원
09020204,8422.0,통신장비 설치·수리원
09030101,6212.0,"선장, 항해사 및 도선사"
09030102,6212.0,"선장, 항해사 및 도선사"
09030103,1360.0,통신·방송송출 장비 기사
09030104,6212.0,"선장, 항해사 및 도선사"
09030105,4209.0,기타 스포츠 및 
nannannannan,,여가서비스 종사원
09030106,6214.0,관제사
09030107,6243.0,선박승무원 및 관련 종사원 (선박객실 승무원 제외)
09030201,283.0,자재·구매·물류 사무원
09040101,6211.0,항공기 조종사
09040102,6211.0,항공기 조종사
09040103,6211.0,항공기 조종사
09040104,6211.0,항공기 조종사
09040105,4164.0,촬영 기사
09040201,6214.0,관제사
09040202,282.0,운송 사무원
09040203,1584.0,산업 안전원 및 위험 관리원
09040204,5413.0,시설·특수 경비원
09040205,282.0,운송 사무원
09040206,282.0,운송 사무원
09040301,1312.0,통신공학 기술자 및 연구원
09040301,1360.0,통신·방송송출 장비 기사
10010101,6121.0,기술 영업원
10010101,6124.0,제품·광고 영업원
10010102,6122.0,해외 영업원
10020101,6110.0,부동산 컨설턴트 및 중개인
10020102,261.0,기획·마케팅 사무원
10020103,6110.0,부동산 컨설턴트 및 중개인
10020201,263.0,총무 사무원 및 대학 행정조교
10020202,263.0,총무 사무원 및 대학 행정조교
10020203,6110.0,부동산 컨설턴트 및 중개인
10020301,6110.0,부동산 컨설턴트 및 중개인
10020302,261.0,기획·마케팅 사무원
10020302,292.0,고객 상담원 및 모니터 요원
10020401,234.0,감정 전문가
10020402,221.0,경영·진단 전문가
10020402,231.0,회계사
10020402,234.0,감정 전문가
10020402,311.0,투자·신용 분석가
10020403,234.0,감정 전문가
10030101,6130.0,텔레마케터
10030102,1333.0,웹 개발자
10030102,1344.0,웹 운영자
10030102,6153.0,온라인 판매원
10030201,6140.0,소규모 상점 경영 및 
nannannannan,,일선 관리 종사원
10030201,6151.0,상점 판매원
10030202,6156.0,방문 판매원
10030301,6125.0,상품 중개인 및 경매사
11010101,5413.0,시설·특수 경비원
11010101,5420.0,경비원(건물 관리원)
11010102,5411.0,경호원
11020101,5611.0,청소원
11020102,5616.0,가사 도우미
12010101,5112.0,미용사
12010102,5113.0,피부 및 체형 관리사
12010103,5114.0,메이크업 아티스트 및 분장사
12010104,5113.0,피부 및 체형 관리사
12010105,5111.0,이용사
12020101,5121.0,결혼상담원 및 웨딩플래너
12020102,5121.0,결혼상담원 및 웨딩플래너
12020103,5122.0,혼례 종사원
12020104,5121.0,결혼상담원 및 웨딩플래너
12020201,5123.0,장례 지도사 및 장례 상담원
12020202,5123.0,장례 지도사 및 장례 상담원
12030101,5211.0,여행상품 개발자
12030102,5212.0,여행 사무원
12030103,5213.0,여행 안내원 및 해설사
12030104,5213.0,여행 안내원 및 해설사
12030105,5221.0,항공기 객실승무원
12030201,243.0,상품 기획자
12030201,261.0,기획·마케팅 사무원
12030202,5230.0,숙박시설 서비스원
12030202,5611.0,청소원
12030203,5230.0,숙박시설 서비스원
12030203,5322.0,홀서빙원
12030204,244.0,행사 기획자
12030205,5230.0,숙박시설 서비스원
12030301,244.0,행사 기획자
12030302,244.0,행사 기획자
12030303,244.0,행사 기획자
12030401,261.0,기획·마케팅 사무원
12030402,261.0,기획·마케팅 사무원
12030402,4209.0,기타 스포츠 및 여가서비스 종사원
12030403,261.0,기획·마케팅 사무원
12030403,5230.0,숙박시설 서비스원
12030404,5230.0,숙박시설 서비스원
12030405,141.0,미용·여행·숙박·스포츠 관리자
12030405,261.0,기획·마케팅 사무원
12040101,243.0,상품 기획자
12040201,261.0,기획·마케팅 사무원
12040202,261.0,기획·마케팅 사무원
12040301,4201.0,스포츠 감독 및 코치
12040302,4204.0,"스포츠강사, 레크리에이션 강사 및 기타 관련 전문가"
12040303,4204.0,"스포츠강사, 레크리에이션 강사 및 기타 관련 전문가"
12040304,4203.0,경기 심판 및 경기 기록원
12040305,4203.0,경기 심판 및 경기 기록원
12040306,4209.0,기타 스포츠 및 여가서비스 종사원
12040307,261.0,기획·마케팅 사무원
12040307,1333.0,웹 개발자
12040307,4204.0,"스포츠강사, 레크리에이션 강사 및 기타 관련 전문가"
12040308,1221.0,생명과학 연구원
12040308,4204.0,"스포츠강사, 레크리에이션 강사 및 기타 관련 전문가"
12040309,4209.0,기타 스포츠 및 여가서비스 종사원
12040401,244.0,행사 기획자
12040402,261.0,기획·마케팅 사무원
12040403,4172.0,연예인매니저 및 스포츠매니저
12040404,4203.0,경기 심판 및 경기 기록원
12040501,4204.0,"스포츠강사, 레크리에이션 강사 및 기타 관련 전문가"
13010100,5311.0,주방장 및 요리 연구가
13010100,5312.0,한식 조리사
13010100,5313.0,중식 조리사
13010100,5314.0,양식 조리사
13010100,5315.0,일식 조리사
13010101,5312.0,한식 조리사
13010102,5314.0,양식 조리사
13010103,5313.0,중식 조리사
13010104,5315.0,일식 조리사
13010105,5315.0,일식 조리사
13010201,5322.0,홀서빙원
13010202,5322.0,홀서빙원
13010203,5317.0,음료조리사
13010204,5316.0,바텐더
13010205,5329.0,기타 음식 서비스 종사원
13010301,261.0,기획·마케팅 사무원
14010101,1401.0,건축가
14010101,1402.0,건축공학 기술자
14010101,1403.0,토목공학 기술자
14010201,1402.0,건축공학 기술자
14010201,1403.0,토목공학 기술자
14010202,1402.0,건축공학 기술자
14010202,1403.0,토목공학 기술자
14010203,1402.0,건축공학 기술자
14010203,1403.0,토목공학 기술자
14010204,1402.0,건축공학 기술자
14010204,1403.0,토목공학 기술자
14010301,1402.0,건축공학 기술자
14010301,1403.0,토목공학 기술자
14020101,1403.0,토목공학 기술자
14020102,1403.0,토목공학 기술자
14020103,1403.0,토목공학 기술자
14020104,1403.0,토목공학 기술자
14020105,1403.0,토목공학 기술자
14020106,1403.0,토목공학 기술자
14020107,1403.0,토목공학 기술자
14020108,1403.0,토목공학 기술자
14020109,1403.0,토목공학 기술자
14020110,1403.0,토목공학 기술자
14020111,1403.0,토목공학 기술자
14020112,1403.0,토목공학 기술자
14020201,7040.0,건설·채굴 기계 운전원
14020201,7059.0,기타 채굴·토목 종사원
14020202,7040.0,건설·채굴 기계 운전원
14020202,7059.0,기타 채굴·토목 종사원
14020203,7040.0,건설·채굴 기계 운전원
14020203,7059.0,기타 채굴·토목 종사원
14020204,7059.0,기타 채굴·토목 종사원
14020205,7059.0,기타 채굴·토목 종사원
14020206,7040.0,건설·채굴 기계 운전원
14020206,7052.0,철로 설치·보수원
14020207,7040.0,건설·채굴 기계 운전원
14020208,7040.0,건설·채굴 기계 운전원
14020209,7011.0,강구조물 가공원 및 건립원
14020210,7040.0,건설·채굴 기계 운전원
14020211,7015.0,건축 석공
14020301,1406.0,측량·지리정보 전문가
14020302,1406.0,측량·지리정보 전문가
14020303,1406.0,측량·지리정보 전문가
14020304,1406.0,측량·지리정보 전문가
14030101,1401.0,건축가
14030102,1402.0,건축공학 기술자
14030103,1401.0,건축가
14030103,1402.0,건축공학 기술자
14030104,1401.0,건축가
14030201,7016.0,건축 목공
14030202,7017.0,조적공 및 석재부설원
14030202,7021.0,미장공
14030203,7022.0,방수공
14030204,7024.0,바닥재 시공원
14030205,7026.0,건축 도장공
14030206,7013.0,철근공
14030206,7014.0,콘크리트공
14030207,7016.0,건축 목공
14030207,7025.0,도배공 및 유리 부착원
14030207,7027.0,새시 조립·설치원
14030208,7029.0,기타 건축 마감 기능원
14030209,7024.0,바닥재 시공원
14030209,7025.0,도배공 및 유리 부착원
14030210,7023.0,단열공
14030211,7016.0,건축 목공
14030211,7029.0,기타 건축 마감 기능원
14030212,7029.0,기타 건축 마감 기능원
14030213,7011.0,강구조물 가공원 및 건립원
14030214,7012.0,경량철골공
14030215,7016.0,건축 목공
14030216,7016.0,건축 목공
14030217,7015.0,건축 석공
14030217,7017.0,조적공 및 석재부설원
14030301,1402.0,건축공학 기술자
14030302,1402.0,건축공학 기술자
14030303,1402.0,건축공학 기술자
14030304,1402.0,건축공학 기술자
14030305,7031.0,건설 배관공
14040101,1511.0,기계공학 기술자 및 연구원
14040101,1531.0,전기공학 기술자 및 연구원
14040102,1511.0,기계공학 기술자 및 연구원
14040102,1541.0,화학공학 기술자 및 연구원
14040103,1511.0,기계공학 기술자 및 연구원
14040103,1531.0,전기공학 기술자 및 연구원
14040104,1511.0,기계공학 기술자 및 연구원
14040105,1511.0,기계공학 기술자 및 연구원
14040105,1553.0,환경공학 기술자 및 연구원
14040106,1511.0,기계공학 기술자 및 연구원
14040106,1531.0,전기공학 기술자 및 연구원
14040106,1541.0,화학공학 기술자 및 연구원
14040107,1511.0,기계공학 기술자 및 연구원
14040107,1531.0,전기공학 기술자 및 연구원
14040107,1541.0,화학공학 기술자 및 연구원
14040201,7032.0,공업 배관공
14040201,8111.0,공업기계 설치·정비원
14040202,1531.0,전기공학 기술자 및 연구원
14040202,8311.0,산업 전기공
14040203,1531.0,전기공학 기술자 및 연구원
14040203,8311.0,산업 전기공
14040203,8312.0,내선 전기공
14040301,1401.0,건축가
14040301,1402.0,건축공학 기술자
14040301,1403.0,토목공학 기술자
14050101,1404.0,조경 기술자
14050102,1404.0,조경 기술자
14050102,9015.0,조경원
14050103,9015.0,조경원
14050104,1404.0,조경 기술자
14060101,1405.0,도시·교통 전문가
14060102,1405.0,도시·교통 전문가
14060103,1405.0,도시·교통 전문가
14060104,1405.0,도시·교통 전문가
14060105,1405.0,도시·교통 전문가
14060106,1405.0,도시·교통 전문가
14060201,1405.0,도시·교통 전문가
14060202,1405.0,도시·교통 전문가
14060203,1405.0,도시·교통 전문가
14060301,2311.0,사회복지사
14060401,1405.0,도시·교통 전문가
14060402,1312.0,통신공학 기술자 및 연구원
14060402,1332.0,응용 소프트웨어 개발자
14060402,1342.0,네트워크 시스템 개발자
14060403,1343.0,정보시스템 운영자
14060403,1405.0,도시·교통 전문가
14060403,8422.0,통신장비 설치·수리원
14070101,7040.0,건설·채굴 기계 운전원
14070102,7040.0,건설·채굴 기계 운전원
14070103,7040.0,건설·채굴 기계 운전원
14070104,7040.0,건설·채굴 기계 운전원
14070105,7040.0,건설·채굴 기계 운전원
14070106,7040.0,건설·채굴 기계 운전원
14070107,7040.0,건설·채굴 기계 운전원
14070201,7040.0,건설·채굴 기계 운전원
14070202,7040.0,건설·채굴 기계 운전원
14070301,7040.0,건설·채굴 기계 운전원
14070401,6230.0,물품이동장비 조작원 (크레인·호이스트·지게차)
14070501,6230.0,물품이동장비 조작원 (크레인·호이스트·지게차)
14070502,6230.0,물품이동장비 조작원 (크레인·호이스트·지게차)
14070503,6230.0,물품이동장비 조작원 (크레인·호이스트·지게차)
14070504,6230.0,물품이동장비 조작원 (크레인·호이스트·지게차)
14070505,6230.0,물품이동장비 조작원 (크레인·호이스트·지게차)
14070506,6244.0,하역·적재 종사원
14070507,8113.0,물품이동장비 설치·정비원
14070601,8116.0,건설·광업 기계 설치·정비원
14070602,8116.0,건설·광업 기계 설치·정비원
14070603,8113.0,물품이동장비 설치·정비원
14070604,8113.0,물품이동장비 설치·정비원
14080101,1211.0,자연과학 연구원
14080102,1406.0,측량·지리정보 전문가
14080103,1211.0,자연과학 연구원
14080201,1553.0,환경공학 기술자 및 연구원
14080202,1553.0,환경공학 기술자 및 연구원
14080203,1553.0,환경공학 기술자 및 연구원
14080301,1511.0,기계공학 기술자 및 연구원
14080301,1551.0,가스·에너지공학 기술자 및 연구원
14080301,8116.0,건설·광업 기계 설치·정비원
14080302,1511.0,기계공학 기술자 및 연구원
14080302,1551.0,가스·에너지공학 기술자 및 연구원
14080302,8111.0,공업기계 설치·정비원
14080303,1403.0,토목공학 기술자
14080304,1511.0,기계공학 기술자 및 연구원
14080304,1531.0,전기공학 기술자 및 연구원
14080304,1541.0,화학공학 기술자 및 연구원
14080305,1511.0,기계공학 기술자 및 연구원
14080305,1531.0,전기공학 기술자 및 연구원
14080305,1541.0,화학공학 기술자 및 연구원
14080306,1511.0,기계공학 기술자 및 연구원
14080306,1531.0,전기공학 기술자 및 연구원
14080306,1541.0,화학공학 기술자 및 연구원
14080306,1582.0,소방공학 기술자 및 연구원
14080307,1511.0,기계공학 기술자 및 연구원
14080308,1511.0,기계공학 기술자 및 연구원
14080309,1511.0,기계공학 기술자 및 연구원
14080310,1511.0,기계공학 기술자 및 연구원
14080310,1531.0,전기공학 기술자 및 연구원
14080311,1511.0,기계공학 기술자 및 연구원
14080312,1531.0,전기공학 기술자 및 연구원
14080401,1406.0,측량·지리정보 전문가
14080401,1551.0,가스·에너지공학 기술자 및 연구원
14080402,1551.0,가스·에너지공학 기술자 및 연구원
14080403,1521.0,금속·재료공학 기술자 및 연구원
14080403,1551.0,가스·에너지공학 기술자 및 연구원
14080501,4164.0,촬영 기사
14080502,7059.0,기타 채굴·토목 종사원
14080502,8241.0,용접원
15010101,1511.0,기계공학 기술자 및 연구원
15010101,1512.0,로봇공학 기술자 및 연구원
15010102,1511.0,기계공학 기술자 및 연구원
15010102,1512.0,로봇공학 기술자 및 연구원
15010103,283.0,자재·구매·물류 사무원
15010103,1511.0,기계공학 기술자 및 연구원
15010103,1512.0,로봇공학 기술자 및 연구원
15010104,241.0,광고·홍보 전문가
15010104,261.0,기획·마케팅 사무원
15010104,6121.0,기술 영업원
15010201,1511.0,기계공학 기술자 및 연구원
15010201,1512.0,로봇공학 기술자 및 연구원
15010202,1511.0,기계공학 기술자 및 연구원
15010202,1512.0,로봇공학 기술자 및 연구원
15010203,1511.0,기계공학 기술자 및 연구원
15010203,1512.0,로봇공학 기술자 및 연구원
15010204,1511.0,기계공학 기술자 및 연구원
15010204,1512.0,로봇공학 기술자 및 연구원
15020101,8132.0,금속 공작기계 조작원
15020102,8132.0,금속 공작기계 조작원
15020103,8132.0,금속 공작기계 조작원
15020104,8132.0,금속 공작기계 조작원
15020105,1513.0,기계·로봇공학 시험원
15020105,8132.0,금속 공작기계 조작원
15020106,8132.0,금속 공작기계 조작원
15020201,8132.0,금속 공작기계 조작원
15020202,8132.0,금속 공작기계 조작원
15020203,8132.0,금속 공작기계 조작원
15020204,8132.0,금속 공작기계 조작원
15030101,8161.0,일반기계 조립원
15030102,1331.0,시스템 소프트웨어 개발자
15030102,1511.0,기계공학 기술자 및 연구원
15030102,1512.0,로봇공학 기술자 및 연구원
15030103,1532.0,전자공학 기술자 및 연구원
15030104,1331.0,시스템 소프트웨어 개발자
15030104,1511.0,기계공학 기술자 및 연구원
15030104,1512.0,로봇공학 기술자 및 연구원
15030104,1532.0,전자공학 기술자 및 연구원
15030201,284.0,생산·품질 사무원
15030201,1511.0,기계공학 기술자 및 연구원
15030201,1512.0,로봇공학 기술자 및 연구원
15030202,283.0,자재·구매·물류 사무원
15030202,1511.0,기계공학 기술자 및 연구원
15030202,1512.0,로봇공학 기술자 및 연구원
15030203,284.0,생산·품질 사무원
15030203,1511.0,기계공학 기술자 및 연구원
15030203,1512.0,로봇공학 기술자 및 연구원
15030204,284.0,생산·품질 사무원
15030204,1511.0,기계공학 기술자 및 연구원
15030204,1512.0,로봇공학 기술자 및 연구원
15030205,1511.0,기계공학 기술자 및 연구원
15030205,1512.0,로봇공학 기술자 및 연구원
15040101,284.0,생산·품질 사무원
15040101,1511.0,기계공학 기술자 및 연구원
15040101,1512.0,로봇공학 기술자 및 연구원
15040102,284.0,생산·품질 사무원
15040102,1511.0,기계공학 기술자 및 연구원
15040102,1512.0,로봇공학 기술자 및 연구원
15040103,284.0,생산·품질 사무원
15040103,1511.0,기계공학 기술자 및 연구원
15040103,1512.0,로봇공학 기술자 및 연구원
15050101,8113.0,물품이동장비 설치·정비원
15050102,8116.0,건설·광업 기계 설치·정비원
15050103,8111.0,공업기계 설치·정비원
15050104,8111.0,공업기계 설치·정비원
15050105,8111.0,공업기계 설치·정비원
15050106,8119.0,농업용 및 기타 기계장비 설치·정비원
15050107,8112.0,승강기 설치·정비원
15050201,1511.0,기계공학 기술자 및 연구원
15050202,8114.0,냉동·냉장·공조기 설치· 정비원
15050203,8114.0,냉동·냉장·공조기 설치· 정비원
15050203,8140.0,냉·난방 설비 조작원
15050204,8115.0,보일러 설치·정비원
15050204,8140.0,냉·난방 설비 조작원
15050205,8115.0,보일러 설치·정비원
15050205,8140.0,냉·난방 설비 조작원
15050301,8129.0,기타 운송장비 정비원
15050302,8129.0,기타 운송장비 정비원
15060101,1511.0,기계공학 기술자 및 연구원
15060102,1511.0,기계공학 기술자 및 연구원
15060102,1513.0,기계·로봇공학 시험원
15060103,1511.0,기계공학 기술자 및 연구원
15060201,8171.0,자동차 조립원
15060201,8172.0,자동차 부품 조립원
15060202,1513.0,기계·로봇공학 시험원
15060202,8124.0,자동차 정비원
15060301,8124.0,자동차 정비원
15060302,8124.0,자동차 정비원
15060303,8124.0,자동차 정비원
15060304,8124.0,자동차 정비원
15060305,8124.0,자동차 정비원
15060305,8251.0,도장원(도장기조작원)
15060306,8124.0,자동차 정비원
15060307,8124.0,자동차 정비원
15060401,263.0,총무 사무원 및 대학 행정조교
15060401,8124.0,자동차 정비원
15060402,8124.0,자동차 정비원
15060501,6123.0,자동차 영업원
15060502,8124.0,자동차 정비원
15070101,1511.0,기계공학 기술자 및 연구원
15070102,1511.0,기계공학 기술자 및 연구원
15070102,8173.0,운송장비 조립원
15070103,1513.0,기계·로봇공학 시험원
15070103,6213.0,철도·전동차 기관사
15070201,8123.0,철도기관차·전동차 정비원
15070202,8123.0,철도기관차·전동차 정비원
15070203,8123.0,철도기관차·전동차 정비원
15070203,8311.0,산업 전기공
15070204,8123.0,철도기관차·전동차 정비원
15070205,8123.0,철도기관차·전동차 정비원
15080101,1511.0,기계공학 기술자 및 연구원
15080102,1511.0,기계공학 기술자 및 연구원
15080103,1511.0,기계공학 기술자 및 연구원
15080104,1511.0,기계공학 기술자 및 연구원
15080105,1511.0,기계공학 기술자 및 연구원
15080106,1531.0,전기공학 기술자 및 연구원
15080107,1401.0,건축가
15080107,1511.0,기계공학 기술자 및 연구원
15080201,8132.0,금속 공작기계 조작원
15080201,8221.0,판금원
15080201,8223.0,제관원
15080201,8241.0,용접원
15080202,6230.0,물품이동장비 조작원 (크레인·호이스트·지게차)
15080202,8173.0,운송장비 조립원
15080202,8241.0,용접원
15080203,8251.0,도장원(도장기조작원)
15080204,8173.0,운송장비 조립원
15080205,7019.0,기타 건설 구조 기능원
15080301,7032.0,공업 배관공
15080301,8173.0,운송장비 조립원
15080301,8241.0,용접원
15080302,8311.0,산업 전기공
15080302,8422.0,통신장비 설치·수리원
15080303,7032.0,공업 배관공
15080303,8173.0,운송장비 조립원
15080304,7016.0,건축 목공
15080304,7023.0,단열공
15080304,7024.0,바닥재 시공원
15080401,284.0,생산·품질 사무원
15080401,1513.0,기계·로봇공학 시험원
15080402,284.0,생산·품질 사무원
15080402,1513.0,기계·로봇공학 시험원
15080403,284.0,생산·품질 사무원
15080403,1522.0,금속·재료공학 시험원
15080501,284.0,생산·품질 사무원
15080501,1511.0,기계공학 기술자 및 연구원
15080502,284.0,생산·품질 사무원
15080502,1511.0,기계공학 기술자 및 연구원
15080503,284.0,생산·품질 사무원
15080503,1511.0,기계공학 기술자 및 연구원
15080601,1513.0,기계·로봇공학 시험원
15080601,6212.0,"선장, 항해사 및 도선사"
15080602,1513.0,기계·로봇공학 시험원
15080602,6212.0,"선장, 항해사 및 도선사"
15080603,1513.0,기계·로봇공학 시험원
15080603,6212.0,"선장, 항해사 및 도선사"
15080701,8122.0,선박 정비원
15080701,8223.0,제관원
15080701,8241.0,용접원
15080701,8251.0,도장원(도장기조작원)
15080702,8114.0,냉동·냉장·공조기 설치·정비원
15080702,8122.0,선박 정비원
15080703,7032.0,공업 배관공
15080703,8122.0,선박 정비원
15080704,8122.0,선박 정비원
15080704,8311.0,산업 전기공
15080704,8422.0,통신장비 설치·수리원
15080705,8122.0,선박 정비원
15080705,8223.0,제관원
15080705,8241.0,용접원
15080705,8251.0,도장원(도장기조작원)
15080801,8173.0,운송장비 조립원
15080802,8173.0,운송장비 조립원
15080803,8173.0,운송장비 조립원
15080804,8122.0,선박 정비원
15080804,8251.0,도장원(도장기조작원)
15080805,8122.0,선박 정비원
15090101,1511.0,기계공학 기술자 및 연구원
15090102,1511.0,기계공학 기술자 및 연구원
15090103,1532.0,전자공학 기술자 및 연구원
15090104,1511.0,기계공학 기술자 및 연구원
15090105,1511.0,기계공학 기술자 및 연구원
15090201,1511.0,기계공학 기술자 및 연구원
15090201,8132.0,금속 공작기계 조작원
15090201,8173.0,운송장비 조립원
15090202,1511.0,기계공학 기술자 및 연구원
15090202,8162.0,금속기계부품 조립원
15090202,8173.0,운송장비 조립원
15090203,8173.0,운송장비 조립원
15090203,8360.0,전기·전자 부품·제품 조립원
15090301,8121.0,항공기 정비원
15090302,8121.0,항공기 정비원
15090303,8121.0,항공기 정비원
15090304,8121.0,항공기 정비원
15090305,8121.0,항공기 정비원
15090306,8121.0,항공기 정비원
15090307,8121.0,항공기 정비원
15090308,8121.0,항공기 정비원
15090401,8121.0,항공기 정비원
15090402,283.0,자재·구매·물류 사무원
15090403,283.0,자재·구매·물류 사무원
15090403,8121.0,항공기 정비원
15100001,1511.0,기계공학 기술자 및 연구원
15100001,8131.0,금형원
15100101,1511.0,기계공학 기술자 및 연구원
15100101,8131.0,금형원
15100102,8131.0,금형원
15100103,8131.0,금형원
15100104,8131.0,금형원
15100201,1511.0,기계공학 기술자 및 연구원
15100201,8131.0,금형원
15100202,8131.0,금형원
15100203,8131.0,금형원
15100204,8131.0,금형원
15100301,1511.0,기계공학 기술자 및 연구원
15100301,8131.0,금형원
15100302,8131.0,금형원
15100303,8131.0,금형원
15100304,8131.0,금형원
15110101,1511.0,기계공학 기술자 및 연구원
15110101,1531.0,전기공학 기술자 및 연구원
15110101,1532.0,전자공학 기술자 및 연구원
15110201,1343.0,정보시스템 운영자
15110201,8329.0,기타 전기·전자 기기 설치·수리원
15110201,8422.0,통신장비 설치·수리원
15110301,284.0,생산·품질 사무원
15110301,1343.0,정보시스템 운영자
15110301,1511.0,기계공학 기술자 및 연구원
15110302,1343.0,정보시스템 운영자
15110302,8111.0,공업기계 설치·정비원
15110302,8422.0,통신장비 설치·수리원
16010101,1521.0,금속·재료공학 기술자 및 연구원
16010102,1521.0,금속·재료공학 기술자 및 연구원
16010102,1522.0,금속·재료공학 시험원
16010103,1521.0,금속·재료공학 기술자 및 연구원
16010103,1522.0,금속·재료공학 시험원
16010200,8211.0,금속가공 제어장치 조작원
16010200,8212.0,금속가공 기계 조작원
16010201,8211.0,금속가공 제어장치 조작원
16010203,8212.0,금속가공 기계 조작원
16010204,8212.0,금속가공 기계 조작원
16010207,8111.0,공업기계 설치·정비원
16010207,8311.0,산업 전기공
16010208,8211.0,금속가공 제어장치 조작원
16010209,8211.0,금속가공 제어장치 조작원
16010210,8211.0,금속가공 제어장치 조작원
16010211,8211.0,금속가공 제어장치 조작원
16010301,1521.0,금속·재료공학 기술자 및 연구원
16010301,8233.0,주조원
16010301,8234.0,주조기조작원
16010302,1521.0,금속·재료공학 기술자 및 연구원
16010302,8131.0,금형원
16010302,8212.0,금속가공 기계 조작원
16010302,8231.0,단조원
16010302,8232.0,단조기조작원
16010303,1521.0,금속·재료공학 기술자 및 연구원
16010303,8212.0,금속가공 기계 조작원
16010304,8212.0,금속가공 기계 조작원
16010305,8221.0,판금원
16010305,8222.0,판금기조작원
16010305,8223.0,제관원
16010305,8224.0,제관기조작원
16010306,8212.0,금속가공 기계 조작원
16010306,8242.0,용접기조작원
16010307,8212.0,금속가공 기계 조작원
16010308,8233.0,주조원
16010308,8234.0,주조기조작원
16010401,8252.0,도금·금속분무기 조작원
16010402,8251.0,도장원(도장기조작원)
16010500,8241.0,용접원
16010500,8242.0,용접기조작원
16010501,8241.0,용접원
16010502,8241.0,용접원
16010502,8242.0,용접기조작원
16010503,8241.0,용접원
16010503,8242.0,용접기조작원
16010504,8241.0,용접원
16010504,8242.0,용접기조작원
16010505,8242.0,용접기조작원
16010506,8242.0,용접기조작원
16010507,8241.0,용접원
16010507,8242.0,용접기조작원
16010601,8211.0,금속가공 제어장치 조작원
16010601,8212.0,금속가공 기계 조작원
16010602,8211.0,금속가공 제어장치 조작원
16010602,8212.0,금속가공 기계 조작원
16010603,8212.0,금속가공 기계 조작원
16010604,8211.0,금속가공 제어장치 조작원
16010604,8212.0,금속가공 기계 조작원
16010605,8211.0,금속가공 제어장치 조작원
16010605,8212.0,금속가공 기계 조작원
16020001,284.0,생산·품질 사무원
16020001,1521.0,금속·재료공학 기술자 및 연구원
16020001,1522.0,금속·재료공학 시험원
16020002,284.0,생산·품질 사무원
16020002,1521.0,금속·재료공학 기술자 및 연구원
16020002,1522.0,금속·재료공학 시험원
16020301,1522.0,금속·재료공학 시험원
16020301,8262.0,점토제품 생산기계 조작원
16020301,8263.0,시멘트·광물제품 생산기계 조작원
16020302,8262.0,점토제품 생산기계 조작원
16020303,8262.0,점토제품 생산기계 조작원
16020303,8263.0,시멘트·광물제품 생산기계 조작원
16020304,8262.0,점토제품 생산기계 조작원
16020304,8263.0,시멘트·광물제품 생산기계 조작원
16020305,8262.0,점토제품 생산기계 조작원
16020401,8261.0,유리·유리제품 생산기계 조작원
16020402,8261.0,유리·유리제품 생산기계 조작원
16020403,8261.0,유리·유리제품 생산기계 조작원
16020404,8261.0,유리·유리제품 생산기계 조작원
16020501,1521.0,금속·재료공학 기술자 및 연구원
16020501,1522.0,금속·재료공학 시험원
16020501,8269.0,기타 비금속제품 생산기계 조작원
16020502,1521.0,금속·재료공학 기술자 및 연구원
16020502,1522.0,금속·재료공학 시험원
17010101,1541.0,화학공학 기술자 및 연구원
17010101,1542.0,화학공학 시험원
17010102,1541.0,화학공학 기술자 및 연구원
17010102,1542.0,화학공학 시험원
17010103,1541.0,화학공학 기술자 및 연구원
17010103,1584.0,산업 안전원 및 위험 관리원
17010104,284.0,생산·품질 사무원
17010104,1541.0,화학공학 기술자 및 연구원
17010104,1542.0,화학공학 시험원
17010201,1541.0,화학공학 기술자 및 연구원
17010202,1541.0,화학공학 기술자 및 연구원
17010203,1541.0,화학공학 기술자 및 연구원
17010301,1541.0,화학공학 기술자 및 연구원
17010302,1541.0,화학공학 기술자 및 연구원
17010303,1541.0,화학공학 기술자 및 연구원
17020001,8511.0,석유·천연가스 제조 제어장치 조작원
17020001,8512.0,화학물 가공장치 조작원
17020101,1541.0,화학공학 기술자 및 연구원
17020101,8511.0,석유·천연가스 제조 제어장치 조작원
17020201,1541.0,화학공학 기술자 및 연구원
17020201,8512.0,화학물 가공장치 조작원
17020202,1541.0,화학공학 기술자 및 연구원
17020202,8512.0,화학물 가공장치 조작원
17020203,1541.0,화학공학 기술자 및 연구원
17020203,8512.0,화학물 가공장치 조작원
17020204,1541.0,화학공학 기술자 및 연구원
17020204,8512.0,화학물 가공장치 조작원
17020205,1541.0,화학공학 기술자 및 연구원
17020205,8512.0,화학물 가공장치 조작원
17020206,1541.0,화학공학 기술자 및 연구원
17020206,8512.0,화학물 가공장치 조작원
17020302,1541.0,화학공학 기술자 및 연구원
17020302,8512.0,화학물 가공장치 조작원
17030001,1541.0,화학공학 기술자 및 연구원
17030001,8523.0,화학제품 생산기계 조작원 (고무·플라스틱 제외)
17030102,1541.0,화학공학 기술자 및 연구원
17030102,8523.0,화학제품 생산기계 조작원 (고무·플라스틱 제외)
17030104,1541.0,화학공학 기술자 및 연구원
17030104,8512.0,화학물 가공장치 조작원
17030104,8523.0,화학제품 생산기계 조작원 (고무·플라스틱 제외)
17030201,1541.0,화학공학 기술자 및 연구원
17030201,8523.0,화학제품 생산기계 조작원 (고무·플라스틱 제외)
17030202,1541.0,화학공학 기술자 및 연구원
17030202,8523.0,화학제품 생산기계 조작원 (고무·플라스틱 제외)
17030203,1541.0,화학공학 기술자 및 연구원
17030203,8523.0,화학제품 생산기계 조작원 (고무·플라스틱 제외)
17030204,1541.0,화학공학 기술자 및 연구원
17030204,8523.0,화학제품 생산기계 조작원 (고무·플라스틱 제외)
17030205,1541.0,화학공학 기술자 및 연구원
17030205,8523.0,화학제품 생산기계 조작원 (고무·플라스틱 제외)
17030206,1541.0,화학공학 기술자 및 연구원
17030206,8523.0,화학제품 생산기계 조작원 (고무·플라스틱 제외)
17030601,1541.0,화학공학 기술자 및 연구원
17030601,8523.0,화학제품 생산기계 조작원 (고무·플라스틱 제외)
17030602,284.0,생산·품질 사무원
17030602,1541.0,화학공학 기술자 및 연구원
17030603,1541.0,화학공학 기술자 및 연구원
17030604,1221.0,생명과학 연구원
17030604,1222.0,생명과학 시험원
17030701,284.0,생산·품질 사무원
17030701,1541.0,화학공학 기술자 및 연구원
17030701,8523.0,화학제품 생산기계 조작원 (고무·플라스틱 제외)
17030702,284.0,생산·품질 사무원
17030702,1541.0,화학공학 기술자 및 연구원
17030703,1541.0,화학공학 기술자 및 연구원
17040101,8522.0,플라스틱제품 생산기계 조작원
17040102,8522.0,플라스틱제품 생산기계 조작원
17040103,8522.0,플라스틱제품 생산기계 조작원
17040104,8522.0,플라스틱제품 생산기계 조작원
17040105,8522.0,플라스틱제품 생산기계 조작원
17040201,8521.0,타이어·고무제품 생산기계 조작원
17040202,8521.0,타이어·고무제품 생산기계 조작원
17050101,1221.0,생명과학 연구원
17050101,1222.0,생명과학 시험원
17050101,8523.0,화학제품 생산기계 조작원 (고무·플라스틱 제외)
17050102,1221.0,생명과학 연구원
17050102,1222.0,생명과학 시험원
17050103,1221.0,생명과학 연구원
17050103,1222.0,생명과학 시험원
17050105,1221.0,생명과학 연구원
17050105,1222.0,생명과학 시험원
17050106,1221.0,생명과학 연구원
17050106,1222.0,생명과학 시험원
17050107,284.0,생산·품질 사무원
17050107,1221.0,생명과학 연구원
17050107,1222.0,생명과학 시험원
17050107,1541.0,화학공학 기술자 및 연구원
17050201,1221.0,생명과학 연구원
17050201,1541.0,화학공학 기술자 및 연구원
17050202,1221.0,생명과학 연구원
17050202,1541.0,화학공학 기술자 및 연구원
17050203,1221.0,생명과학 연구원
17050203,1541.0,화학공학 기술자 및 연구원
17050301,1221.0,생명과학 연구원
17050301,1222.0,생명과학 시험원
17050302,1221.0,생명과학 연구원
17050302,1222.0,생명과학 시험원
18010101,8611.0,섬유 제조기계 조작원
18010102,8611.0,섬유 제조기계 조작원
18010103,8612.0,직조기·편직기 조작원
18010104,8612.0,직조기·편직기 조작원
18010105,8649.0,기타 직물·신발 기계 조작원 및 조립원
18010106,8611.0,섬유 제조기계 조작원
18010202,1562.0,섬유공학 시험원
18010202,8613.0,표백·염색기 조작원
18010301,284.0,생산·품질 사무원
18010301,1561.0,섬유공학 기술자 및 연구원
18010302,284.0,생산·품질 사무원
18010302,1561.0,섬유공학 기술자 및 연구원
18020101,243.0,상품 기획자
18020102,4152.0,패션 디자이너
18020103,8621.0,패턴사
18020104,4153.0,실내장식 디자이너
18020201,8622.0,재단사
18020201,8623.0,재봉사
18020201,8632.0,양장·양복 제조원
18020202,8622.0,재단사
18020202,8623.0,재봉사
18020202,8632.0,양장·양복 제조원
18020203,8633.0,모피·가죽의복 제조원
18020204,8629.0,기타 섬유·가죽 기능원
18020205,8631.0,한복 제조원
18020301,261.0,기획·마케팅 사무원
18020302,261.0,기획·마케팅 사무원
18020303,261.0,기획·마케팅 사무원
18020304,261.0,기획·마케팅 사무원
18020401,8642.0,신발 제조기계 조작원 및 조립원
18020402,243.0,상품 기획자
18020402,4152.0,패션 디자이너
18020402,8641.0,제화원
18030101,5615.0,세탁원(다림질원)
18030101,8643.0,세탁 기계 조작원
18030102,8634.0,의복·가죽·모피 수선원
19010101,1531.0,전기공학 기술자 및 연구원
19010102,1531.0,전기공학 기술자 및 연구원
19010103,1531.0,전기공학 기술자 및 연구원
19010201,8330.0,발전·배전 장치 조작원
19010202,8330.0,발전·배전 장치 조작원
19010203,8330.0,발전·배전 장치 조작원
19010204,8311.0,산업 전기공
19010205,8111.0,공업기계 설치·정비원
19010206,8311.0,산업 전기공
19010301,1531.0,전기공학 기술자 및 연구원
19010302,8313.0,외선 전기공
19010302,8330.0,발전·배전 장치 조작원
19010303,1531.0,전기공학 기술자 및 연구원
19010304,1531.0,전기공학 기술자 및 연구원
19010304,8360.0,전기·전자 부품·제품 조립원
19010305,1531.0,전기공학 기술자 및 연구원
19010305,8360.0,전기·전자 부품·제품 조립원
19010306,1531.0,전기공학 기술자 및 연구원
19010306,1533.0,전기·전자공학 시험원
19010307,1531.0,전기공학 기술자 및 연구원
19010308,1531.0,전기공학 기술자 및 연구원
19010401,1531.0,전기공학 기술자 및 연구원
19010401,8312.0,내선 전기공
19010401,8313.0,외선 전기공
19010401,8330.0,발전·배전 장치 조작원
19010402,1331.0,시스템 소프트웨어 개발자
19010402,1531.0,전기공학 기술자 및 연구원
19010501,1531.0,전기공학 기술자 및 연구원
19010502,8351.0,전기 부품·제품 생산기계 조작원
19010502,8360.0,전기·전자 부품·제품 조립원
19010503,8312.0,내선 전기공
19010504,8351.0,전기 부품·제품 생산기계 조작원
19010601,1531.0,전기공학 기술자 및 연구원
19010602,1531.0,전기공학 기술자 및 연구원
19010603,8340.0,전기·전자 설비 조작원
19010701,8312.0,내선 전기공
19010702,8313.0,외선 전기공
19010703,8313.0,외선 전기공
19010704,1531.0,전기공학 기술자 및 연구원
19010704,8312.0,내선 전기공
19010704,8313.0,외선 전기공
19010801,1531.0,전기공학 기술자 및 연구원
19010802,1531.0,전기공학 기술자 및 연구원
19010802,8351.0,전기 부품·제품 생산기계 조작원
19010802,8360.0,전기·전자 부품·제품 조립원
19010803,8311.0,산업 전기공
19010803,8312.0,내선 전기공
19010804,8150.0,자동조립라인·산업용로봇 조작원
19010804,8340.0,전기·전자 설비 조작원
19010901,1531.0,전기공학 기술자 및 연구원
19010902,8313.0,외선 전기공
19010903,8313.0,외선 전기공
19011001,1531.0,전기공학 기술자 및 연구원
19011002,8312.0,내선 전기공
19011003,8312.0,내선 전기공
19011101,1531.0,전기공학 기술자 및 연구원
19011102,1531.0,전기공학 기술자 및 연구원
19011103,1531.0,전기공학 기술자 및 연구원
19011201,1531.0,전기공학 기술자 및 연구원
19011202,1531.0,전기공학 기술자 및 연구원
19011301,1531.0,전기공학 기술자 및 연구원
19011301,8311.0,산업 전기공
19011401,284.0,생산·품질 사무원
19011401,1541.0,화학공학 기술자 및 연구원
19011401,8351.0,전기 부품·제품 생산기계 조작원
19020101,243.0,상품 기획자
19020101,1532.0,전자공학 기술자 및 연구원
19020102,8352.0,전자 부품·제품 생산기계 조작원
19020102,8360.0,전기·전자 부품·제품 조립원
19020201,243.0,상품 기획자
19020201,1532.0,전자공학 기술자 및 연구원
19020202,8352.0,전자 부품·제품 생산기계 조작원
19020202,8360.0,전기·전자 부품·제품 조립원
19020301,8321.0,사무용 전자기기 설치·수리원
19020301,8322.0,가전제품 설치·수리원
19020301,8411.0,컴퓨터 설치·수리원
19020301,8412.0,이동전화기 수리원
19020302,6121.0,기술 영업원
19030101,1331.0,시스템 소프트웨어 개발자
19030102,1332.0,응용 소프트웨어 개발자
19030103,1532.0,전자공학 기술자 및 연구원
19030104,1511.0,기계공학 기술자 및 연구원
19030201,1311.0,컴퓨터 하드웨어 기술자 및 연구원
19030201,1532.0,전자공학 기술자 및 연구원
19030202,1511.0,기계공학 기술자 및 연구원
19030203,1331.0,시스템 소프트웨어 개발자
19030203,1532.0,전자공학 기술자 및 연구원
19030301,1311.0,컴퓨터 하드웨어 기술자 및 연구원
19030301,1312.0,통신공학 기술자 및 연구원
19030302,1511.0,기계공학 기술자 및 연구원
19030303,1312.0,통신공학 기술자 및 연구원
19030303,1331.0,시스템 소프트웨어 개발자
19030401,1311.0,컴퓨터 하드웨어 기술자 및 연구원
19030401,1532.0,전자공학 기술자 및 연구원
19030402,1511.0,기계공학 기술자 및 연구원
19030403,1331.0,시스템 소프트웨어 개발자
19030403,1532.0,전자공학 기술자 및 연구원
19030501,1532.0,전자공학 기술자 및 연구원
19030502,1511.0,기계공학 기술자 및 연구원
19030503,1331.0,시스템 소프트웨어 개발자
19030503,1532.0,전자공학 기술자 및 연구원
19030601,1532.0,전자공학 기술자 및 연구원
19030602,8352.0,전자 부품·제품 생산기계 조작원
19030603,1511.0,기계공학 기술자 및 연구원
19030603,1532.0,전자공학 기술자 및 연구원
19030604,1532.0,전자공학 기술자 및 연구원
19030701,1532.0,전자공학 기술자 및 연구원
19030702,284.0,생산·품질 사무원
19030702,1532.0,전자공학 기술자 및 연구원
19030702,8352.0,전자 부품·제품 생산기계 조작원
19030703,1532.0,전자공학 기술자 및 연구원
19030801,1512.0,로봇공학 기술자 및 연구원
19030801,1532.0,전자공학 기술자 및 연구원
19030802,1512.0,로봇공학 기술자 및 연구원
19030803,1331.0,시스템 소프트웨어 개발자
19030803,1512.0,로봇공학 기술자 및 연구원
19030804,1331.0,시스템 소프트웨어 개발자
19030804,1512.0,로봇공학 기술자 및 연구원
19030804,1513.0,기계·로봇공학 시험원
19030805,1513.0,기계·로봇공학 시험원
19030805,8111.0,공업기계 설치·정비원
19030805,8150.0,자동조립라인·산업용로봇 조작원
19030806,1512.0,로봇공학 기술자 및 연구원
19030806,1513.0,기계·로봇공학 시험원
19030806,1584.0,산업 안전원 및 위험 관리원
19030901,284.0,생산·품질 사무원
19030902,284.0,생산·품질 사무원
19030903,8352.0,전자 부품·제품 생산기계 조작원
19030903,8360.0,전기·전자 부품·제품 조립원
19030904,1532.0,전자공학 기술자 및 연구원
19031001,1312.0,통신공학 기술자 및 연구원
19031001,1532.0,전자공학 기술자 및 연구원
19031002,1532.0,전자공학 기술자 및 연구원
19031003,1511.0,기계공학 기술자 및 연구원
19031003,1531.0,전기공학 기술자 및 연구원
19031003,1532.0,전자공학 기술자 및 연구원
19031004,1532.0,전자공학 기술자 및 연구원
19031005,1331.0,시스템 소프트웨어 개발자
19031005,1332.0,응용 소프트웨어 개발자
19031006,1532.0,전자공학 기술자 및 연구원
19031007,1531.0,전기공학 기술자 및 연구원
19031007,1532.0,전자공학 기술자 및 연구원
19031008,1312.0,통신공학 기술자 및 연구원
19031008,1532.0,전자공학 기술자 및 연구원
19031101,1511.0,기계공학 기술자 및 연구원
19031101,1532.0,전자공학 기술자 및 연구원
19031102,8131.0,금형원
19031102,8132.0,금속 공작기계 조작원
19031103,1521.0,금속·재료공학 기술자 및 연구원
19031103,1532.0,전자공학 기술자 및 연구원
19031201,1320.0,컴퓨터시스템 전문가
19031201,1331.0,시스템 소프트웨어 개발자
19031201,1332.0,응용 소프트웨어 개발자
19031202,1332.0,응용 소프트웨어 개발자
19031202,1511.0,기계공학 기술자 및 연구원
19031202,1532.0,전자공학 기술자 및 연구원
19031203,1332.0,응용 소프트웨어 개발자
19031203,1333.0,웹 개발자
19031203,4111.0,작가
19031204,1311.0,컴퓨터 하드웨어 기술자 및 연구원
19031204,1511.0,기계공학 기술자 및 연구원
19031204,1532.0,전자공학 기술자 및 연구원
19031301,243.0,상품 기획자
19031301,1331.0,시스템 소프트웨어 개발자
19031301,1332.0,응용 소프트웨어 개발자
19031301,1532.0,전자공학 기술자 및 연구원
19031302,261.0,기획·마케팅 사무원
19031303,1331.0,시스템 소프트웨어 개발자
19031303,1332.0,응용 소프트웨어 개발자
19031303,1532.0,전자공학 기술자 및 연구원
19031303,4151.0,제품 디자이너
19031401,1532.0,전자공학 기술자 및 연구원
19031402,284.0,생산·품질 사무원
19031402,8360.0,전기·전자 부품·제품 조립원
19031403,1521.0,금속·재료공학 기술자 및 연구원
19031403,1532.0,전자공학 기술자 및 연구원
19031501,1221.0,생명과학 연구원
19031501,1532.0,전자공학 기술자 및 연구원
19031502,1223.0,농림어업 시험원
19031502,8111.0,공업기계 설치·정비원
19031601,1531.0,전기공학 기술자 및 연구원
19031601,1532.0,전자공학 기술자 및 연구원
19031701,1312.0,통신공학 기술자 및 연구원
19031701,1331.0,시스템 소프트웨어 개발자
19031701,1332.0,응용 소프트웨어 개발자
19031702,1320.0,컴퓨터시스템 전문가
19031702,1332.0,응용 소프트웨어 개발자
19031702,1343.0,정보시스템 운영자
19031801,1312.0,통신공학 기술자 및 연구원
19031801,1532.0,전자공학 기술자 및 연구원
19031802,1331.0,시스템 소프트웨어 개발자
19031802,1332.0,응용 소프트웨어 개발자
19031901,1320.0,컴퓨터시스템 전문가
19031901,1331.0,시스템 소프트웨어 개발자
19031901,1332.0,응용 소프트웨어 개발자
20010101,221.0,경영·진단 전문가
20010101,1320.0,컴퓨터시스템 전문가
20010102,1320.0,컴퓨터시스템 전문가
20010103,1320.0,컴퓨터시스템 전문가
20010104,243.0,상품 기획자
20010104,1320.0,컴퓨터시스템 전문가
20010104,1331.0,시스템 소프트웨어 개발자
20010104,1332.0,응용 소프트웨어 개발자
20010105,1341.0,데이터 전문가
20010106,1320.0,컴퓨터시스템 전문가
20010107,1341.0,데이터 전문가
20010108,1320.0,컴퓨터시스템 전문가
20010108,1350.0,정보보안 전문가
20010201,1320.0,컴퓨터시스템 전문가
20010201,1331.0,시스템 소프트웨어 개발자
20010201,1332.0,응용 소프트웨어 개발자
20010202,1332.0,응용 소프트웨어 개발자
20010202,1333.0,웹 개발자
20010203,1331.0,시스템 소프트웨어 개발자
20010204,1341.0,데이터 전문가
20010205,1342.0,네트워크 시스템 개발자
20010206,1350.0,정보보안 전문가
20010207,1331.0,시스템 소프트웨어 개발자
20010207,1333.0,웹 개발자
20010208,1331.0,시스템 소프트웨어 개발자
20010209,1331.0,시스템 소프트웨어 개발자
20010209,1332.0,응용 소프트웨어 개발자
20010210,1331.0,시스템 소프트웨어 개발자
20010210,1332.0,응용 소프트웨어 개발자
20010211,1341.0,데이터 전문가
20010212,1312.0,통신공학 기술자 및 연구원
20010212,1331.0,시스템 소프트웨어 개발자
20010212,1342.0,네트워크 시스템 개발자
20010213,1320.0,컴퓨터시스템 전문가
20010213,1331.0,시스템 소프트웨어 개발자
20010213,1342.0,네트워크 시스템 개발자
20010214,1320.0,컴퓨터시스템 전문가
20010214,1331.0,시스템 소프트웨어 개발자
20010215,1320.0,컴퓨터시스템 전문가
20010215,1342.0,네트워크 시스템 개발자
20010216,1331.0,시스템 소프트웨어 개발자
20010216,1333.0,웹 개발자
20010216,1342.0,네트워크 시스템 개발자
20010301,1343.0,정보시스템 운영자
20010302,262.0,인사·교육·훈련 사무원
20010303,1343.0,정보시스템 운영자
20010304,1341.0,데이터 전문가
20010304,1343.0,정보시스템 운영자
20010305,1343.0,정보시스템 운영자
20010401,1320.0,컴퓨터시스템 전문가
20010402,1320.0,컴퓨터시스템 전문가
20010403,1320.0,컴퓨터시스템 전문가
20010404,1320.0,컴퓨터시스템 전문가
20010501,6121.0,기술 영업원
20010502,241.0,광고·홍보 전문가
20010502,261.0,기획·마케팅 사무원
20010601,1350.0,정보보안 전문가
20010602,1350.0,정보보안 전문가
20010603,1350.0,정보보안 전문가
20010604,1350.0,정보보안 전문가
20010605,1332.0,응용 소프트웨어 개발자
20010606,1320.0,컴퓨터시스템 전문가
20010606,1350.0,정보보안 전문가
20010607,1350.0,정보보안 전문가
20010608,1349.0,기타 데이터 및 네트워크 전문가
20010609,1350.0,정보보안 전문가
20010610,1350.0,정보보안 전문가
20010701,1320.0,컴퓨터시스템 전문가
20010701,1331.0,시스템 소프트웨어 개발자
20010701,1341.0,데이터 전문가
20010702,1320.0,컴퓨터시스템 전문가
20010703,1332.0,응용 소프트웨어 개발자
20010703,1341.0,데이터 전문가
20010703,1512.0,로봇공학 기술자 및 연구원
20010704,1343.0,정보시스템 운영자
20010705,1332.0,응용 소프트웨어 개발자
20010705,1341.0,데이터 전문가
20010706,1332.0,응용 소프트웨어 개발자
20010706,1341.0,데이터 전문가
20010801,1320.0,컴퓨터시스템 전문가
20010801,1341.0,데이터 전문가
20010801,1350.0,정보보안 전문가
20010802,1320.0,컴퓨터시스템 전문가
20010802,1332.0,응용 소프트웨어 개발자
20010802,1350.0,정보보안 전문가
20010803,1320.0,컴퓨터시스템 전문가
20010803,1350.0,정보보안 전문가
20010901,1320.0,컴퓨터시스템 전문가
20010902,1331.0,시스템 소프트웨어 개발자
20010902,1332.0,응용 소프트웨어 개발자
20010903,283.0,자재·구매·물류 사무원
20010903,1343.0,정보시스템 운영자
20011001,1320.0,컴퓨터시스템 전문가
20011002,1320.0,컴퓨터시스템 전문가
20011002,1331.0,시스템 소프트웨어 개발자
20011003,1320.0,컴퓨터시스템 전문가
20011003,1332.0,응용 소프트웨어 개발자
20011003,1333.0,웹 개발자
20020101,1312.0,통신공학 기술자 및 연구원
20020102,1312.0,통신공학 기술자 및 연구원
20020102,8423.0,방송·통신·인터넷 케이블 설치·수리원
20020103,1312.0,통신공학 기술자 및 연구원
20020103,1342.0,네트워크 시스템 개발자
20020104,1360.0,통신·방송송출 장비 기사
20020105,1331.0,시스템 소프트웨어 개발자
20020105,1332.0,응용 소프트웨어 개발자
20020106,8422.0,통신장비 설치·수리원
20020107,8422.0,통신장비 설치·수리원
20020108,8422.0,통신장비 설치·수리원
20020109,8422.0,통신장비 설치·수리원
20020110,1320.0,컴퓨터시스템 전문가
20020110,1331.0,시스템 소프트웨어 개발자
20020110,1342.0,네트워크 시스템 개발자
20020110,1350.0,정보보안 전문가
20020201,1312.0,통신공학 기술자 및 연구원
20020201,8423.0,방송·통신·인터넷 케이블 설치·수리원
20020202,1312.0,통신공학 기술자 및 연구원
20020203,1312.0,통신공학 기술자 및 연구원
20020204,1312.0,통신공학 기술자 및 연구원
20020205,1312.0,통신공학 기술자 및 연구원
20020205,1360.0,통신·방송송출 장비 기사
20020206,1312.0,통신공학 기술자 및 연구원
20020301,1360.0,통신·방송송출 장비 기사
20020301,6152.0,통신 기기·서비스 판매원
20020302,1360.0,통신·방송송출 장비 기사
20020302,6152.0,통신 기기·서비스 판매원
20020303,1360.0,통신·방송송출 장비 기사
20020303,6152.0,통신 기기·서비스 판매원
20020304,1360.0,통신·방송송출 장비 기사
20020304,6152.0,통신 기기·서비스 판매원
20020305,1360.0,통신·방송송출 장비 기사
20020305,6152.0,통신 기기·서비스 판매원
20020306,1360.0,통신·방송송출 장비 기사
20020306,6152.0,통신 기기·서비스 판매원
20020307,1360.0,통신·방송송출 장비 기사
20020307,6152.0,통신 기기·서비스 판매원
20020308,1360.0,통신·방송송출 장비 기사
20020308,6152.0,통신 기기·서비스 판매원
20020309,1360.0,통신·방송송출 장비 기사
20020309,6152.0,통신 기기·서비스 판매원
20020310,1360.0,통신·방송송출 장비 기사
20020310,6152.0,통신 기기·서비스 판매원
20020311,1360.0,통신·방송송출 장비 기사
20020311,6152.0,통신 기기·서비스 판매원
20020312,1360.0,통신·방송송출 장비 기사
20020312,6152.0,통신 기기·서비스 판매원
20020313,1360.0,통신·방송송출 장비 기사
20020313,6152.0,통신 기기·서비스 판매원
20020314,1360.0,통신·방송송출 장비 기사
20020314,6152.0,통신 기기·서비스 판매원
20020315,1360.0,통신·방송송출 장비 기사
20020315,6152.0,통신 기기·서비스 판매원
20020316,1360.0,통신·방송송출 장비 기사
20020316,6152.0,통신 기기·서비스 판매원
20020317,1360.0,통신·방송송출 장비 기사
20020317,6152.0,통신 기기·서비스 판매원
20020318,1333.0,웹 개발자
20020318,6152.0,통신 기기·서비스 판매원
20020319,1360.0,통신·방송송출 장비 기사
20020319,6152.0,통신 기기·서비스 판매원
20020401,1332.0,응용 소프트웨어 개발자
20020401,1333.0,웹 개발자
20020401,4155.0,미디어 콘텐츠 디자이너
20020402,4164.0,촬영 기사
20020403,1332.0,응용 소프트웨어 개발자
20020403,4155.0,미디어 콘텐츠 디자이너
20030101,1360.0,통신·방송송출 장비 기사
20030102,1312.0,통신공학 기술자 및 연구원
20030201,1360.0,통신·방송송출 장비 기사
20030202,1360.0,통신·방송송출 장비 기사
20030203,1360.0,통신·방송송출 장비 기사
20030204,1360.0,통신·방송송출 장비 기사
20030205,1360.0,통신·방송송출 장비 기사
20030301,1312.0,통신공학 기술자 및 연구원
20030301,1360.0,통신·방송송출 장비 기사
20030302,1360.0,통신·방송송출 장비 기사
20030303,1343.0,정보시스템 운영자
20030304,1360.0,통신·방송송출 장비 기사
20030305,8421.0,방송장비 설치·수리원
20030306,4155.0,미디어 콘텐츠 디자이너
20030306,4161.0,감독 및 기술감독
20030306,4166.0,영상·녹화·편집 기사
21010101,8731.0,육류·어패류·낙농품 가공기계 조작원
21010102,8733.0,곡물 가공제품 기계 조작원
21010103,8721.0,정육원 및 도축원
21010103,8731.0,육류·어패류·낙농품 가공기계 조작원
21010104,8731.0,육류·어패류·낙농품 가공기계 조작원
21010105,8739.0,기타 식품 가공 기계 조작원
21010106,8722.0,김치·밑반찬 제조 종사원
21010107,8733.0,곡물 가공제품 기계 조작원
21010108,8733.0,곡물 가공제품 기계 조작원
21010109,8735.0,음료 제조기계 조작원
21010110,1571.0,식품공학 기술자 및 연구원
21010111,284.0,생산·품질 사무원
21010111,1571.0,식품공학 기술자 및 연구원
21010111,1572.0,식품공학 시험원
21010201,283.0,자재·구매·물류 사무원
21010201,8723.0,식품·담배 등급원
21010202,283.0,자재·구매·물류 사무원
21010202,8723.0,식품·담배 등급원
21010203,283.0,자재·구매·물류 사무원
21010203,8721.0,정육원 및 도축원
21010203,8723.0,식품·담배 등급원
21010301,283.0,자재·구매·물류 사무원
21010302,283.0,자재·구매·물류 사무원
21010303,283.0,자재·구매·물류 사무원
21020101,8711.0,제과·제빵원
21020102,8711.0,제과·제빵원
21020103,8712.0,떡 제조원
21020104,8712.0,떡 제조원
22010101,4113.0,출판물 전문가
22010102,4154.0,시각 디자이너
22010103,4113.0,출판물 전문가
22010104,6124.0,제품·광고 영업원
nannannan공정관리,,
22010201,8811.0,인쇄기계 조작원
22010202,8811.0,인쇄기계 조작원
22010203,8811.0,인쇄기계 조작원
22010204,8811.0,인쇄기계 조작원
22010205,4154.0,시각 디자이너
22010205,8852.0,간판 제작·설치원
22020101,8841.0,공예원
22020102,8841.0,공예원
22020103,8841.0,공예원
22020104,8833.0,목제품 제조원
22020104,8841.0,공예원
22020105,8841.0,공예원
22020106,8831.0,가구 제조·수리원
22020106,8832.0,가구 조립원
22020106,8833.0,목제품 제조원
22020107,8841.0,공예원
22020108,8841.0,공예원
22020201,8842.0,귀금속·보석 세공원
22020202,234.0,감정 전문가
22020203,8842.0,귀금속·보석 세공원
22020204,234.0,감정 전문가
22020205,4151.0,제품 디자이너
22020206,243.0,상품 기획자
22020206,261.0,기획·마케팅 사무원
23010101,1553.0,환경공학 기술자 및 연구원
23010101,1554.0,환경공학 시험원
23010102,8531.0,상·하수도 처리장치 조작원
23010103,1553.0,환경공학 기술자 및 연구원
23010104,8531.0,상·하수도 처리장치 조작원
23010105,1553.0,환경공학 기술자 및 연구원
23010105,8531.0,상·하수도 처리장치 조작원
23010106,1553.0,환경공학 기술자 및 연구원
23010106,8531.0,상·하수도 처리장치 조작원
23010201,1553.0,환경공학 기술자 및 연구원
23010202,1211.0,자연과학 연구원
23010202,1553.0,환경공학 기술자 및 연구원
23010203,1211.0,자연과학 연구원
23010204,1211.0,자연과학 연구원
23010204,1553.0,환경공학 기술자 및 연구원
23010301,1511.0,기계공학 기술자 및 연구원
23010301,1553.0,환경공학 기술자 및 연구원
23010301,8111.0,공업기계 설치·정비원
23010302,1553.0,환경공학 기술자 및 연구원
23010302,1554.0,환경공학 시험원
23010401,1553.0,환경공학 기술자 및 연구원
23010401,1554.0,환경공학 시험원
23010402,1553.0,환경공학 기술자 및 연구원
23010402,1554.0,환경공학 시험원
23010501,1553.0,환경공학 기술자 및 연구원
23010501,1554.0,환경공학 시험원
23010502,1553.0,환경공학 기술자 및 연구원
23010502,1554.0,환경공학 시험원
23020101,1555.0,보건위생·환경 검사원
23020102,1554.0,환경공학 시험원
23020102,1555.0,보건위생·환경 검사원
23020103,1555.0,보건위생·환경 검사원
23030101,1221.0,생명과학 연구원
23030101,1404.0,조경 기술자
23030101,1553.0,환경공학 기술자 및 연구원
23030102,1221.0,생명과학 연구원
23030102,1404.0,조경 기술자
23030102,1553.0,환경공학 기술자 및 연구원
23040101,1553.0,환경공학 기술자 및 연구원
23040102,1553.0,환경공학 기술자 및 연구원
23040102,8531.0,상·하수도 처리장치 조작원
23040102,8532.0,재활용 처리장치·소각로 조작원
23040103,1553.0,환경공학 기술자 및 연구원
23040103,1554.0,환경공학 시험원
23040103,1555.0,보건위생·환경 검사원
23040201,1553.0,환경공학 기술자 및 연구원
23040201,1554.0,환경공학 시험원
23040202,1553.0,환경공학 기술자 및 연구원
23040202,1554.0,환경공학 시험원
23040202,1555.0,보건위생·환경 검사원
23050101,1211.0,자연과학 연구원
23050101,1551.0,가스·에너지공학 기술자 및 연구원
23050102,1211.0,자연과학 연구원
23050102,1551.0,가스·에너지공학 기술자 및 연구원
23050103,1551.0,가스·에너지공학 기술자 및 연구원
23050104,1551.0,가스·에너지공학 기술자 및 연구원
23050104,7040.0,건설·채굴 기계 운전원
23050201,1551.0,가스·에너지공학 기술자 및 연구원
23050202,1541.0,화학공학 기술자 및 연구원
23050202,1551.0,가스·에너지공학 기술자 및 연구원
23050203,8211.0,금속가공 제어장치 조작원
23050301,1403.0,토목공학 기술자
23050301,1553.0,환경공학 기술자 및 연구원
23050302,1403.0,토목공학 기술자
23050302,1553.0,환경공학 기술자 및 연구원
23050401,1403.0,토목공학 기술자
23050401,1584.0,산업 안전원 및 위험 관리원
23050402,7059.0,기타 채굴·토목 종사원
23050501,1403.0,토목공학 기술자
23050501,1531.0,전기공학 기술자 및 연구원
23050501,1551.0,가스·에너지공학 기술자 및 연구원
23050502,1531.0,전기공학 기술자 및 연구원
23050502,1551.0,가스·에너지공학 기술자 및 연구원
23050504,1511.0,기계공학 기술자 및 연구원
23050504,1531.0,전기공학 기술자 및 연구원
23050504,1551.0,가스·에너지공학 기술자 및 연구원
23050505,1403.0,토목공학 기술자
23050505,1531.0,전기공학 기술자 및 연구원
23050505,1551.0,가스·에너지공학 기술자 및 연구원
23050506,1403.0,토목공학 기술자
23050506,1531.0,전기공학 기술자 및 연구원
23050506,1551.0,가스·에너지공학 기술자 및 연구원
23050507,1511.0,기계공학 기술자 및 연구원
23050507,1531.0,전기공학 기술자 및 연구원
23050507,1551.0,가스·에너지공학 기술자 및 연구원
23050508,1511.0,기계공학 기술자 및 연구원
23050508,1531.0,전기공학 기술자 및 연구원
23050508,1551.0,가스·에너지공학 기술자 및 연구원
23050601,1551.0,가스·에너지공학 기술자 및 연구원
23050602,1552.0,가스·에너지공학 시험원
23050602,8340.0,전기·전자 설비 조작원
23050701,1531.0,전기공학 기술자 및 연구원
23050701,8330.0,발전·배전 장치 조작원
23050702,1531.0,전기공학 기술자 및 연구원
23050702,1541.0,화학공학 기술자 및 연구원
23050702,1551.0,가스·에너지공학 기술자 및 연구원
23050703,8512.0,화학물 가공장치 조작원
23060100,1584.0,산업 안전원 및 위험 관리원
23060101,1584.0,산업 안전원 및 위험 관리원
23060102,1584.0,산업 안전원 및 위험 관리원
23060103,1584.0,산업 안전원 및 위험 관리원
23060104,1584.0,산업 안전원 및 위험 관리원
23060105,1584.0,산업 안전원 및 위험 관리원
23060106,1584.0,산업 안전원 및 위험 관리원
23060107,1584.0,산업 안전원 및 위험 관리원
23060201,1555.0,보건위생·환경 검사원
23060202,1555.0,보건위생·환경 검사원
23060301,1585.0,비파괴 검사원
23060302,1585.0,비파괴 검사원
23060303,1585.0,비파괴 검사원
23060304,1585.0,비파괴 검사원
23060305,1585.0,비파괴 검사원
23060306,1585.0,비파괴 검사원
23060307,1585.0,비파괴 검사원
23060308,1585.0,비파괴 검사원
24010101,9011.0,곡식작물 재배원
24010102,9011.0,곡식작물 재배원
24010102,9012.0,채소·특용 작물 재배원
24010103,9012.0,채소·특용 작물 재배원
24010104,9013.0,과수작물 재배원
24010105,9014.0,원예작물 재배원
24010106,9012.0,채소·특용 작물 재배원
24010107,9012.0,채소·특용 작물 재배원
24010108,9014.0,원예작물 재배원
24010109,9011.0,곡식작물 재배원
24010109,9012.0,채소·특용 작물 재배원
24010109,9013.0,과수작물 재배원
24010109,9014.0,원예작물 재배원
24010201,1221.0,생명과학 연구원
24010201,1223.0,농림어업 시험원
24010202,1221.0,생명과학 연구원
24010202,1223.0,농림어업 시험원
24010203,1223.0,농림어업 시험원
24010203,9012.0,채소·특용 작물 재배원
24010203,9014.0,원예작물 재배원
24010204,261.0,기획·마케팅 사무원
24010301,261.0,기획·마케팅 사무원
24010301,5211.0,여행상품 개발자
24010302,263.0,총무 사무원 및 대학 행정조교
24010303,1221.0,생명과학 연구원
24010303,1223.0,농림어업 시험원
24010304,284.0,생산·품질 사무원
24010401,8841.0,공예원
24010402,4153.0,실내장식 디자이너
24010402,8841.0,공예원
24020101,284.0,생산·품질 사무원
24020102,1223.0,농림어업 시험원
24020103,284.0,생산·품질 사무원
24020103,1541.0,화학공학 기술자 및 연구원
24020104,3020.0,수의사
24020105,3079.0,기타 보건·의료 종사원
24020105,5115.0,반려동물 미용 및 관리 종사원
24020106,5115.0,반려동물 미용 및 관리 종사원
24020107,4204.0,"스포츠강사, 레크리에이션 강사 및 기타 관련 전문가"
24020108,5115.0,반려동물 미용 및 관리 종사원
24020201,9021.0,낙농 종사원
24020202,9022.0,가축 사육 종사원
24020203,9022.0,가축 사육 종사원
24020204,9022.0,가축 사육 종사원
24020205,9022.0,가축 사육 종사원
24020206,9029.0,기타 사육 종사원
24030101,1223.0,농림어업 시험원
24030101,9031.0,조림·산림경영인 및 벌목원
24030102,1223.0,농림어업 시험원
24030102,9031.0,조림·산림경영인 및 벌목원
24030201,1223.0,농림어업 시험원
24030201,1403.0,토목공학 기술자
24030202,1223.0,농림어업 시험원
24030301,9039.0,임산물 채취 및 기타 임업 종사원
24030302,8821.0,목재 가공기계 조작원
24030303,8822.0,펄프·종이 제조장치 조작원
24040101,6243.0,선박승무원 및 관련 종사원 (선박객실 승무원 제외)
24040102,6243.0,선박승무원 및 관련 종사원 (선박객실 승무원 제외)
24040103,9042.0,어부 및 해녀
24040104,9042.0,어부 및 해녀
24040201,1223.0,농림어업 시험원
24040201,9041.0,양식원
24040202,1223.0,농림어업 시험원
24040202,9041.0,양식원
24040203,1223.0,농림어업 시험원
24040203,9041.0,양식원
24040204,1221.0,생명과학 연구원
24040204,1532.0,전자공학 기술자 및 연구원
24040204,9041.0,양식원
24040301,1223.0,농림어업 시험원
24040302,1223.0,농림어업 시험원
24040303,9050.0,농림어업 단순 종사원
24040401,261.0,기획·마케팅 사무원
24040401,5211.0,여행상품 개발자
24040402,263.0,총무 사무원 및 대학 행정조교
24040403,1553.0,환경공학 기술자 및 연구원
